Carrington,Lisa ,f,Carrington.jpg
Drysdale,Mahe,m,Drysdale.jpg
Bond,Hamish,m,Bond.jpg
Murray,Eric,m,Murray.jpg
Burling,Peter,m,Burling.jpg
Tuke,Blair,m,Tuke.jpg
Nathan-Wong,Tyla ,f,Wong.jpg
Brazier,Kelly,f,Brazier.jpg
Woodman,Portia ,f,Woodman.jpg
McAlister,Kayla ,f,McAlister.jpg
Tui,Ruby ,f,Tui.jpg
Goss ,Sarah ,f,Goss.jpg
Manuel,Huriana ,f,Manuel.jpg
Behrent,Genevieve,f,Behrent.jpg
Scown,Rebecca,f,Scown.jpg
Adams ,Valerie,f,Adams.jpg
Rooney,Natalie,f,Rooney.jpg
Jones,Luuka,f,Jones.jpg
Dawkins,Eddie,m,Dawkins.jpg
Webster,Sam,m,Webster.jpg
Mitchell,Ethan ,m,Mitchell.jpg
Meech,Sam,m,Meech.jpg
Aleh,Jo ,f,Aleh.jpg
Powrie,Polly,f,Powrie.jpg
Maloney,Alex,f,Maloney.jpg
Meech,Molly,f,MeechMolly.jpg
Ko,Lydia,f,Ko.jpg
Carrington,Lisa ,f,Carrington.jpg
Walsh,Tomas,m,Walsh.jpg
McCartney,Eliza,f,Mccartney.jpg
Willis,Nick,m,Willis.jpg
